moment,node,user,system,iowait,softirq,idle
1,5,0.0999250562078441,0.0499625281039221,0.0124906320259805,0,99.8376217836623
1,2,0.162378216337747,0.024981264051961,0.024981264051961,0.0124906320259805,99.7751686235324
1,3,0.162398500936914,0.0374765771392879,0.0374765771392879,0,99.7626483447845
1,4,0.262172284644195,0.0374531835205993,0.0249687890137328,0,99.6754057428215
1,1,0.23729236917697,0.0499562882477832,0.0124890720619458,0,99.7002622705133
1,7,0.174868848363727,0.024981264051961,0.024981264051961,0,99.7751686235324
1,6,0.124859533025346,0.0499438132101386,0.0124859533025346,0,99.812710700462
2,5,0.0998377636340946,0.112317484088356,0.0124797204542618,0.0249594409085236,99.7504055909148
2,3,0.0624531601299026,0.024981264051961,0,0,99.9125655758181
2,2,0.199900049975012,0.312343828085957,0,0.0374812593703148,99.4502748625687
2,4,0.137482814648169,0.212473440819898,0,0.0374953130858643,99.6125484314461
2,1,0.187312687312687,0.024975024975025,0.0124875124875125,0,99.7752247752248
2,7,0.112345524903258,0.049931344401448,0,0.012482836100362,99.8252402945949
2,6,4.36304538067258,0.837604700587573,0,0.0250031253906738,94.7743467933492
3,3,6.3,0.9375,0.0125,0.0625,92.6875
3,2,6.42982236677508,1.16337252939705,0.125093820365274,0.0125093820365274,92.2692019014261
3,5,5.87130696044066,1.11417125688533,0.0125187781672509,0.0250375563345018,92.9769654481723
3,4,5.93093093093093,1.25125125125125,0.0625625625625626,0.025025025025025,92.7302302302302
3,1,5.87057203655026,1.11403179371636,0.0125172111653524,0.0500688446614094,92.9528101139066
3,7,5.56597873671044,1.11319574734209,0,0.0375234521575985,93.2833020637899
3,6,13.9569784892446,1.01300650325163,0.125062531265633,0,84.9049524762381
4,5,9.46115288220551,0.839598997493734,0.012531328320802,0.112781954887218,89.5739348370927
4,3,5.39258519535638,0.386967919111222,0.12482836100362,0,94.0956185245288
4,2,4.72145890582063,0.324756432675493,0.0874344241818636,0,94.866350237322
4,4,4.95371528646485,0.375281461095822,0.0125093820365274,0,94.6584938704028
4,1,5.09322988361907,0.350394193467651,0.0125140783381304,0,94.5438618445751
4,6,7.82815631262525,0.588677354709419,0.0250501002004008,0.0250501002004008,91.5330661322645
4,7,6.43106893106893,0.474525474525474,0.0124875124875125,0,93.0819180819181
5,3,43.8996865203762,1.51724137931034,0,0.0501567398119122,54.5329153605016
5,5,38.9105547867656,4.55403195370487,0.0125801987671405,0.96867530506982,55.5541577556925
5,2,43.4956804807813,1.52748215850757,0.0125203455615375,0.05008138224615,54.9142356329035
5,1,38.8260432378079,3.02916038210156,0,0.502765208647562,57.6420311714429
5,4,40.9735290427801,3.12382386149793,0,0.426546230084055,55.4761008656379
5,6,57.8987150415722,4.01864449483497,0.0251952632905014,0.566893424036281,37.4905517762661
5,7,47.2444889779559,1.50300601202405,0,0.062625250501002,51.189879759519
6,5,59.5720720720721,1.58908908908909,0,0.35035035035035,38.4884884884885
6,3,62.6030477142143,0.449662752935299,0.024981264051961,0.0749437921558831,36.8473644766425
6,2,60.865216304076,1.18779694923731,0.0250062515628907,0.250062515628907,37.6594148537134
6,1,58.1360390830515,2.10447200300639,0.0125266190655142,0.513591381686083,39.2333709131905
6,6,91.8438829121841,0.700525394045534,0,0.325243932949712,7.13034776082062
6,4,61.3286625797573,1.20105091955461,0.0250218941573877,0.237707994495183,37.2075566120355
6,7,62.4109931292942,0.374765771392879,0.0499687695190506,0.112429731417864,37.051842598376
7,5,56.2406015037594,1.77944862155388,0,0.538847117794486,41.4411027568922
7,3,59.0721003134796,1.78056426332288,0,0.413793103448276,38.7335423197492
7,2,54.7610086563794,2.22054949190817,0.0125454773554134,0.664910299836909,42.3409860745201
7,4,59.0584700137724,1.03918868160761,0,0.425691749092275,39.4766495555277
7,1,60.9027256814204,0.925231307826957,0,0.16254063515879,38.0095023755939
7,6,81.7646321594185,2.74470485023186,0,0.939967414462965,14.5506955758867
7,7,57.1159638554217,1.88253012048193,0.0125502008032129,0.589859437751004,40.3990963855422
8,5,58.8684441106521,2.06533984228314,0.0125172111653524,0.68844661409438,38.365252221805
8,3,62.0719820044989,0.774806298425394,0.0124968757810547,0.187453136715821,36.9532616845789
8,2,59.0863579474343,1.36420525657071,0,0.375469336670839,39.1739674593242
8,1,60.7259073842303,1.36420525657071,0.0125156445556946,0.262828535669587,37.6345431789737
8,4,59.181374389786,0.963825259732132,0,0.525722868944799,39.3165602703718
8,6,91.175,0.9125,0,0.35,7.5625
8,7,62.2766462576534,0.499812570286143,0.0124953142571536,0.0999625140572285,37.1110833437461
9,5,49.4286073088032,2.72510360416928,0,1.25580811252041,46.5904809745071
9,3,52.9419160170983,2.81619311038471,0,1.08121699773699,43.16067387478
9,2,59.8949868733592,0.8126015751969,0,0.337542192774097,38.9548693586698
9,4,56.5820727590949,2.02525315664458,0,0.600075009376172,40.7925990748844
9,1,55.3923414940364,1.64469554300063,0.263653483992467,0.841180163214062,41.8455743879473
9,6,77.6256281407035,3.41708542713568,0,1.30653266331658,17.6507537688442
9,7,58.6168084042021,1.38819409704852,0,0.425212606303152,39.5697848924462
10,5,60.9060192716806,1.13878112876987,0.412964585158303,0.250281566762608,37.2919534476286
10,3,58.609022556391,1.02756892230576,0.012531328320802,0.56390977443609,39.7744360902256
10,2,55.4010025062657,1.96741854636591,0.263157894736842,0.664160401002506,41.6917293233083
10,4,59.7522832478419,0.763167771800325,0.362817465282122,0.262729888652571,38.8590016264231
10,6,86.9140135372274,1.50413637503134,0,0.576585610428679,11.0052644773126
10,1,57.5169130543723,0.776747682285142,0.0501127536958156,0.45101478326234,41.2052117263844
10,7,55.483143251034,2.54417846847976,0.26319087604963,0.639177841834816,41.0577766637423
11,5,56.9710635099587,1.37792809720656,0.0125266190655142,0.588751096079168,41.0497306776901
11,3,58.9605510331872,1.25234815278647,0.175328741390106,0.463368816530996,39.1484032561052
11,2,60.5105105105105,1.35135135135135,0.187687687687688,0.337837837837838,37.6126126126126
11,4,61.577958672511,1.39010644959299,0.175328741390106,0.200375704445836,36.6562304320601
11,6,77.9686520376176,2.80877742946708,0.188087774294671,1.47962382445141,17.5548589341693
11,1,57.2394789579158,1.29008016032064,0,0.713927855711423,40.7565130260521
11,7,57.2537238703217,1.26423832770059,0.0250344223307047,0.575791713606209,40.8812116660408
12,5,59.3436873747495,0.513527054108216,0.0125250501002004,0.488476953907816,39.6417835671343
12,3,55.7141068969834,1.76492677431468,0,0.563274502440856,41.9576918262611
12,2,57.3251595145753,0.537970724383836,0,0.400350306518203,41.7365194545227
12,4,54.4349787020797,0.989726885492358,0,0.51365572538211,44.0616386870458
12,6,87.7362032286322,1.65185834063321,0,0.538105368539607,10.073833062195
12,1,55.1063829787234,1.06382978723404,0,0.750938673341677,43.0788485607009
12,7,61.431784107946,0.949525237381309,0,0.0999500249875062,37.5187406296852
13,5,29.6935584740463,0.737961225766104,0,0.200125078173859,69.3683552220138
13,3,25.611132004513,0.97781120722076,0.0125360411182149,0.476369562492165,72.9221511846559
13,2,37.5969962453066,1.47684605757196,0,0.625782227784731,60.3003754693367
13,4,12.7049693328326,0.550757291275504,0,0.325447490299161,86.4188258855927
13,6,52.5347352609839,1.21416948303918,0,0.337964701464514,45.9006133433471
13,1,37.9353545477324,0.826860435980957,0.0125281884239539,0.238035580055124,60.9872212478076
13,7,55.079544031066,0.526118000751597,0.0125266190655142,0.300638857572341,44.0811724915445
14,5,8.04655237141785,0.287823801776999,0,0.200225253410086,91.4528844950569
14,2,7.67883941970986,0.387693846923462,0,0.250125062531266,91.6833416708354
14,3,4.6,0.1125,0.0125,0.1,95.175
14,4,0.474940632420947,0.0874890638670166,0,0.0374953130858643,99.4000749906262
14,6,20.6188149818364,1.71614681197545,0,0.413378429161969,77.2516597770262
14,1,15.234521575985,0.250156347717323,0,0.16260162601626,84.3527204502814
14,7,28.1743050338092,1.17705985474581,0.0125219133483596,0.388179313799148,70.2479338842975
15,5,37.5125,2.4875,0,0.0375,59.9625
15,2,27.4578388507183,1.93628981886321,0.0124921923797626,0.0624609618988132,70.5309181761399
15,3,28.9983743903964,2.92609728648243,0,0.0125046892584719,68.0630236338627
15,6,37.5015677912956,14.3735105982692,0.0125423303649818,0.0125423303649818,48.0998369497053
15,1,30.3873636705528,1.74250971543187,0,0.0752162467092892,67.794910367306
15,4,21.9734867433717,2.53876938469235,0,0.0250125062531266,75.4627313656828
15,7,25.498307634449,2.1060549078601,0,0.175504575655008,72.2201328820359
16,5,31.0254163014899,13.6596970076374,0.0125203455615375,0.212845874546137,55.089520470765
16,2,17.9197994987469,1.00250626566416,0,0.087719298245614,80.9899749373434
16,3,29.276563677468,2.7128862094951,0.0125596583772921,0.288872142677719,67.7091183119819
16,6,34.0446899322119,7.65754456439869,0.0251067034898318,0.150640220938991,58.1220185789606
16,1,37.0077752696263,4.87835465262102,0,0.17557060446451,57.9382994732882
16,4,17.6920185440421,1.59127928830974,0.0375892745270016,0.0375892745270016,80.6415236185942
16,7,16.7961895211833,1.65455001253447,0,0.150413637503134,81.3988468287791
17,2,32.7797202797203,2.5974025974026,0.124875124875125,0,64.498001998002
17,5,39.5804719690348,26.6325383943064,0.124859533025346,0.0124859533025346,33.6496441503309
17,3,29.6402697976518,6.66999750187359,0.124906320259805,0.0124906320259805,63.5523357481889
17,6,47.6005998500375,1.81204698825294,0.0124968757810547,0.0124968757810547,50.5623594101475
17,4,32.962360885332,0.512692259597349,0.112542203326247,0,66.4124046517444
17,1,36.7665418227216,7.91510611735331,0.0374531835205993,0.0124843945068664,55.2684144818976
17,7,32.4912456228114,0.562781390695348,0.0250125062531266,0,66.9209604802401
18,5,61.3863863863864,2.45245245245245,1.67667667667668,0.0875875875875876,34.3968968968969
18,2,56.6396002498438,1.66146158650843,2.52342286071206,0.124921923797626,39.050593379138
18,3,49.7937757780277,2.18722659667542,2.39970003749531,0.0749906261717285,45.5443069616298
18,6,82.2397200349956,12.1859767529059,0,0.0124984376952881,5.5618047744032
18,4,34.2167770971371,0.975121890236279,1.73771721465183,0.0750093761720215,62.9953744218027
18,1,43.9929991248906,1.57519689961245,0.0125015626953369,0,54.4193024128016
18,7,33.3874594054459,0.911816137896578,0.0124906320259805,0.0499625281039221,65.6382712965276
19,5,32.0390781563126,3.75751503006012,1.25250501002004,0.125250501002004,62.8256513026052
19,2,1.4621344663834,0.312421894526368,0.0124968757810547,0.0124968757810547,98.2004498875281
19,3,4.9449173760641,3.38007010515774,0.0125187781672509,0.0751126690035053,91.5873810716074
19,6,37.0032491877031,13.7465633591602,0.137465633591602,0.137465633591602,48.9752561859535
19,4,4.325,3.475,0.0125,0.0875,92.1
19,1,17.8964482241121,2.65132566283142,0.0125062531265633,0.0750375187593797,79.3646823411706
19,7,6.1372745490982,3.48196392785571,0.112725450901804,0.137775551102204,90.1302605210421
20,5,26.1851015801354,2.65864058189115,0.0125407574617507,0.225733634311512,70.9179834462002
20,2,17.375,0.525,0.0125,0.025,82.0625
20,6,31.5452261306533,5.0251256281407,3.25376884422111,0.263819095477387,59.9120603015075
20,3,22.879016064257,1.48092369477912,0.0125502008032129,0.17570281124498,75.4518072289157
20,1,19.189392044033,1.45108831623718,0.0125093820365274,0.0500375281461096,79.2969727295472
20,4,24.2010276977065,1.8172703346284,0.0375986965785186,0.137861887454568,73.806241383632
20,7,20.8067142678191,4.04609795816109,2.6431166228235,0.150319428786171,72.3537517224101
21,5,42.994625671791,5.8742657167854,0.0124984376952881,0.0124984376952881,51.106111736033
21,2,51.2314039254907,4.70058757344668,0.0750093761720215,0,43.9929991248906
21,6,70.8270864567716,24.1504247876062,1.47426286856572,0.337331334332834,3.21089455272364
21,3,37.0971771171621,2.46065450911816,0.0124906320259805,0,60.4296777416937
21,1,31.3554028732042,3.54778263585259,0.0124921923797626,0.0249843847595253,65.0593379138039
21,4,32.416895776056,1.39965008747813,0.0124968757810547,0.0124968757810547,66.1584603849038
21,7,45.6328876671248,4.09846307634637,1.88679245283019,0.0749718855429214,48.3068849181557
22,5,8.04568846491779,1.38069536839463,0.0376553282289444,0.188276641144722,90.3476841973139
22,2,3.22540317539692,1.9627453431679,0,0.112514064258032,94.6993374171771
22,6,31.8524096385542,5.49698795180723,0.0376506024096386,0.200803212851406,62.4121485943775
22,3,7.69907058528008,1.56995729716152,0,0.138156242150214,90.5928158754082
22,1,9.52620334296846,7.05039587784341,2.71459092622848,0.213648359934649,80.495161493025
22,4,2.17772215269086,0.525657071339174,0,0.0500625782227785,97.2465581977472
22,7,4.74105579184388,9.71978984238179,0.0125093820365274,0.0750562922191644,85.4515886915186
23,5,41.8188641481111,4.90367775831874,0,0,53.2774580935702
23,2,36.0645484113085,6.26720040030022,0.212659494620966,0.0375281461095822,57.4180635476607
23,6,52.8103922058456,17.974019485386,0.0124906320259805,0.0624531601299026,29.1406445166125
23,3,36.4431122767578,4.82078181591108,0.0249781441238916,0.0374672161858374,58.6736605470214
23,1,38.8277930517371,5.47363159210197,0.0249937515621095,0.0124968757810547,55.6610847288178
23,4,36.0625,1.5125,0,0.025,62.4
23,7,25.9754877438719,4.52726363181591,0.0125062531265633,0.0250125062531266,69.4597298649325
24,5,22.2347771500314,4.45699937225361,2.4105461393597,0.251098556183302,70.646578782172
24,2,2.090112640801,0.475594493116396,2.02753441802253,0.0625782227784731,95.3441802252816
24,6,40.8281053952321,8.23086574654956,0.0125470514429109,0.150564617314931,50.7779171894605
24,3,5.77599196383727,1.51933701657459,2.00904068307383,0.125565042692115,90.5700652938222
24,4,1.93055033220509,0.702018302620033,1.9430863733233,0.0376081233546446,95.3867368684969
24,1,7.78014807378592,2.07052327770109,1.83209938511733,0.125486259254612,88.191743004141
24,7,2.52594723021133,4.32662248343129,0,0.0625234462923596,93.084906840065
25,5,33.9513906289151,8.33124530192934,1.99198195940867,0.28814833375094,55.437233775996
25,2,27.7173233270794,4.34021263289556,2.46404002501563,0.0250156347717323,65.4534083802376
25,6,45.9662288930582,4.75297060662914,0.137585991244528,0.112570356472795,49.0306441525954
25,3,29.8449612403101,3.37584396099025,1.73793448362091,0.0625156289072268,64.9787446861715
25,1,30.5360721442886,4.53406813627254,1.60320641282565,0.0501002004008016,63.2765531062124
25,4,30.6691682301438,1.27579737335835,1.21325828642902,0.0250156347717323,66.8167604752971
25,7,26.7593288254445,5.48459804658152,0.0250438266967193,0.0375657400450789,67.6934635612322
26,5,31.8397997496871,5.78222778473091,0.763454317897372,0.187734668335419,61.4267834793492
26,2,11.7308654327164,2.27613806903452,0,0.0125062531265633,85.9804902451226
26,6,54.6945418127191,8.50025037556335,0.250375563345018,0.13770655983976,36.4171256885328
26,3,7.63263263263263,2.12712712712713,0.025025025025025,0.0750750750750751,90.1401401401401
26,1,13.1098323742807,6.20465349011759,0.400300225168877,0.0250187640730548,80.2601951463598
26,4,6.34146341463415,1.12570356472795,0.0125078173858662,0.0125078173858662,92.5078173858662
26,7,4.30376579507069,0.675591142249468,0.0125109470786939,0.0500437883147754,94.9580883272864
27,5,30.0752823086575,12.0075282308657,4.70514429109159,0.351317440401506,52.8607277289837
27,2,21.2640801001252,4.90613266583229,3.80475594493116,0.150187734668335,69.8748435544431
27,6,37.2709013306553,4.30579964850615,1.94576952046196,0.125533517449159,56.3519959829274
27,3,27.0984715610123,3.28238536707592,3.58306188925081,0.22550739163117,65.8105737910298
27,1,25.4702784048157,8.90393779784299,3.07248557812892,0.17557060446451,62.3777276147479
27,4,25.4073702682377,1.52920531461519,2.98320381047882,0.0752068187515668,70.0050137879168
27,7,26.5572126832936,4.09825792705853,3.92279734302544,0.150394786314074,65.2713372603083
28,5,34.4180225281602,5.00625782227785,0.613266583229036,0.100125156445557,59.8623279098874
28,6,61.7599198898485,9.87607960946301,3.57992239329077,0.325447490299161,24.4586306170985
28,2,19.2100987376578,4.43694538182727,0.812398450193726,0.0249968753905762,75.5155605549306
28,3,13.8802050769038,2.12579717394023,0.0125046892584719,0.0250093785169439,83.9564836813805
28,1,22.6726726726727,3.85385385385385,0.500500500500501,0.0875875875875876,72.8853853853854
28,4,8.73313343328336,0.899550224887556,0.0249875062468766,0,90.3423288355822
28,7,6.88274308597172,1.91465398573395,0.0250281566762608,0.0250281566762608,91.1525466149418
29,5,28.8644322161081,4.57728864432216,0.0125062531265633,0.150075037518759,66.3956978489245
29,6,40.0150526843954,4.86703462117411,0.614651279478174,0.313597591570497,54.1896638233818
29,2,25.0219160926738,5.03443957420163,0.0125234815278647,0.0375704445835942,69.8935504070132
29,3,26.6374452097683,4.5460237946149,0.914214151534126,0.137758296806512,67.7645585472761
29,1,31.5604616156548,3.4746613146011,0.0125439036628199,0.137982940291019,64.8143502257903
29,4,26.7117286268619,1.63975466266116,2.27813243209413,0.175240956314933,69.1951433220678
29,7,28.2195548887222,9.26481620405101,0.18754688672168,0.262565641410353,62.0655163790948
30,5,33.3542477098758,5.28297151461915,5.10729075166269,0.150583511105534,56.1049065127369
30,6,59.3937875751503,8.78006012024048,3.98296593186373,0.513527054108216,27.3296593186373
30,2,14.5038167938931,2.86572393943186,4.70529345513703,0.0375422350143912,77.8876235765236
30,3,12.1917636750532,3.39216422581049,3.37964701464514,0.0625860558267618,80.9738390286644
30,1,12.4655819774718,2.5531914893617,4.28035043804756,0.0750938673341677,80.6257822277847
30,4,14.5987229247527,1.96569425316139,1.92813321647677,0.0375610366846125,81.4698885689245
30,7,5.14328619697159,1.5642597922663,3.05343511450382,0.0875985483669128,90.1514203478914
31,5,20.7518796992481,4.23558897243108,0.614035087719298,0.150375939849624,74.2481203007519
31,6,25.9877085162423,7.65082152263891,0.0752539821898909,0.188134955474727,66.0980810234542
31,2,20.7034672674928,3.34209538114908,1.03892852672425,0.150206533984228,74.7653022906496
31,1,19.9046184738956,1.83232931726908,1.05421686746988,0.112951807228916,77.0958835341365
31,3,22.9582235604065,2.33345878810689,2.14527662777569,0.188182160331201,72.3748588633798
31,4,21.7565369698486,2.25197047416489,0.0125109470786939,0.087576629550857,75.8914049793569
31,7,21.5965965965966,3.37837837837838,0.025025025025025,0.1001001001001,74.8998998998999
32,5,40.1552134184504,6.53398422831393,5.26974590061334,0.175240956314933,47.8658154963074
32,6,69.05,12.05,4.15,0.4125,14.3375
32,2,16.2314132200425,3.17380982131701,3.498687992003,0.0999625140572285,76.9961264525803
32,1,22.4084031511817,3.55133174940603,3.22620982868576,0.0500187570338877,70.7640365136926
32,3,16.5832916458229,2.81390695347674,1.30065032516258,0.0500250125062531,79.2521260630315
32,4,11.6631210111375,2.70304092103617,3.17857589788512,0,82.4552621699412
32,7,8.175,2.55,2.75,0.0125,86.5125
33,5,20.596715557227,2.4445280180519,0.526513726965024,0.200576657891438,76.2316660398646
33,6,32.0180949987434,5.30283990952501,0.0753958280975119,0.226187484292536,62.3774817793415
33,2,16.4705882352941,1.45181476846058,0,0.100125156445557,81.9774718397997
33,1,19.4684718565877,1.69236555095901,0.0250720822364297,0.0877522878275041,78.7263382223894
33,3,20.0777039729289,3.99799473618248,0,0.175460584033087,75.7488407068555
33,4,19.0923906230412,1.67982950984079,0.614266014792529,0.213112699009653,78.4004011533158
33,7,19.1590539356776,3.56651232636716,0.675760230259041,0.125140783381304,76.4735327243149
34,5,43.480980980981,2.91541541541542,4.82982982982983,0.175175175175175,48.5985985985986
34,1,23.8602204408818,1.67835671342685,2.27955911823647,0,72.1818637274549
34,6,77.7444361090273,4.65116279069767,4.16354088522131,0.400100025006252,13.0407601900475
34,2,24.4555694618273,1.67709637046308,2.090112640801,0,71.7772215269086
34,3,19.739967495937,1.43767970996375,3.67545943242905,0.0375046880860107,75.1093886735842
34,4,19.8223000875985,1.57677387060443,2.69052684269804,0.0500563133525216,75.8603428857465
34,7,11.5307653826913,1.17558779389695,3.27663831915958,0.0125062531265633,84.0045022511256
35,5,23.8560862479629,2.00576657891438,0.526513726965024,0.175504575655008,73.4361288705027
35,2,18.0908294757913,3.00262729888653,2.87751782809959,0.112598523708245,75.9164268735143
35,6,33.5679276109086,4.22269699635541,0.728917933894684,0.276486112856604,61.2039713459847
35,1,20.8610518388352,2.77394251286557,2.30952679804192,0.138069536839463,73.9174093134178
35,3,25.7063920632927,3.50370463393194,0.389300514881326,0.251161622504081,70.1494411653899
35,4,19.1270538065973,2.03185751912705,0.0125423303649818,0.0627116518249091,78.7658346920858
35,7,19.8295312108298,4.07370268237654,1.39132614690399,0.137879167711206,74.5675607921785
36,5,38.0964308077646,6.23669380087664,5.12210394489668,0.100187852222918,50.4445835942392
36,6,70.4653490117588,10.4078058543908,4.19064298223668,0.425318989241931,14.5108831623718
36,2,20.1776332249187,3.87790843132349,3.59019264448336,0.0250187640730548,72.3292469352014
36,1,20.5875,3.4875,3.575,0.0125,72.3375
36,3,18.0942853570089,3.38877078904589,4.06402400900338,0.0750281355508316,74.377891709391
36,4,14.822233350025,2.95443164747121,3.06710065097646,0,79.1562343515273
36,7,12.235970503687,3.53705786776653,1.87476565429321,0.0374953130858643,82.3147106611674
37,5,22.8772105857268,2.13219616204691,0.363727580584473,0.238304276934654,74.3885613947071
37,6,27.6109086339073,2.81513133090361,1.35729546311424,0.175945708181475,68.0407188638934
37,2,15.7091000125172,1.45199649518087,0.938790837401427,0.0500688446614094,81.8500438102391
37,1,20.5050885789672,2.06056037190602,0.753863550697324,0.125643925116221,76.5548435733132
37,3,20.9871891484552,3.6674202461693,0.0125596583772921,0.138156242150214,75.194674704848
37,7,20.6758448060075,2.12765957446809,0.0250312891113892,0.175219023779725,76.9962453066333
37,4,16.1843918326444,1.35287485907554,0.112739571589628,0.0876863334585995,82.2623074032319
38,5,40.3423288355822,2.32383808095952,0,0,57.3338330834583
38,6,80.4878048780488,4.11507191994997,0.0250156347717323,0.0625390869293308,15.3095684803002
38,2,24.0074906367041,1.97253433208489,0.0249687890137328,0,73.9950062421972
38,1,25.1499250374813,1.72413793103448,0.0249875062468766,0.0124937531234383,73.0884557721139
38,7,11.3056528264132,1.02551275637819,0,0.0250125062531266,87.6438219109555
38,3,20.6069689022106,1.42375421506182,0.0124890720619458,0,77.9567878106657
38,4,17.0058683980522,1.08627793732051,0.0124859533025346,0.0124859533025346,81.8828817580222
39,6,29.2127766599598,4.5648893360161,0,0.238933601609658,65.9834004024145
39,5,22.5798371947401,1.89104571070758,0,0.162805259862242,75.36631183469
39,2,18.5324317555723,2.7923866766842,0,0.112697220135237,78.5624843476083
39,1,15.9159159159159,0.738238238238238,0,0.025025025025025,83.3208208208208
39,3,24.6353118712274,4.16247484909457,0.0251509054325956,0.264084507042254,70.9129778672032
39,7,18.2774161241863,3.27991987981973,0.0250375563345018,0.100150225338007,78.3174762143215
39,4,20.1028342111864,2.21971407072987,0.0125407574617507,0.125407574617507,77.5395033860045
40,6,65.9707463432929,11.8889861232654,0.662582822852857,0.100012501562695,21.3776722090261
40,5,36.455727863932,5.85292646323162,0.0500250125062531,0.0250125062531266,57.616308154077
40,2,22.376311844078,3.98550724637681,0.0124937531234383,0.0249875062468766,73.6006996501749
40,1,22.1916781207047,3.48619267774585,0.0499812570286143,0.0374859427714607,74.2346620017493
40,3,19.5222611305653,7.72886443221611,0.0125062531265633,0.0250125062531266,72.7113556778389
40,7,11.9875,3.1625,0.0125,0.0125,84.825
40,4,15.7375,3.4625,0.0375,0.0125,80.75
41,6,28.6827551533434,2.47611865258924,0.289089994972348,0.26395173453997,68.2880844645551
41,5,19.1950852557673,1.86810431293882,0.0125376128385155,0.175526579739218,78.7487462387162
41,2,15.4000250406911,1.32715662952297,0.0125203455615375,0.05008138224615,83.2102166019782
41,1,20.9746294900779,2.28585782466717,0,0.0753579502637528,76.6641547349912
41,3,15.830309097735,1.33900638217995,0.0125140783381304,0.0500563133525216,82.7681141283944
41,7,17.3972945891784,1.64078156312625,0.0125250501002004,0.0751503006012024,80.874248496994
41,4,17.3079333249781,1.47888206542173,0.0125328988595062,0.0751973931570372,81.1254543175837
42,6,77.3403324584427,4.73690788651419,3.94950631171104,0.362454693163355,13.6107986501687
42,5,43.248997995992,2.76803607214429,5.42334669338677,0.112725450901804,48.4468937875751
42,1,22.0650813516896,1.81476846057572,5.29411764705882,0.100125156445557,70.7259073842303
42,2,22.8028503562945,1.75021877734717,4.02550318789849,0.0500062507813477,71.3714214276785
42,3,20.3031062124249,1.49048096192385,2.50501002004008,0.0125250501002004,75.688877755511
42,7,12.423370449143,1.2135618666333,3.29037908169648,0,83.0726886025272
42,4,17.6235146966854,1.31332082551595,3.364602876798,0.150093808630394,77.5484677923702
43,6,24.9716231555051,2.69895320973641,5.17089166351368,0.277462479505612,66.8810694917392
43,5,17.0642893018584,1.94625816172777,0.125565042692115,0.138121546961326,80.7257659467604
43,2,16.5102015270998,1.92765051946426,0.0125172111653524,0.137689322818876,81.4119414194518
43,1,15.840963250972,1.68067226890756,0.0125423303649818,0.0752539821898909,82.3905681675655
43,3,23.0759573132454,2.84996861268048,1.60703075957313,0.188323917137476,72.2787193973635
43,4,14.5274504888443,1.3537227375282,0.0125344697919278,0.0250689395838556,84.0812233642517
43,7,19.8298511197298,2.75240835731265,0.0250218941573877,0.225197047416489,77.1675215813837
44,5,44.045534150613,2.52689517137853,0.0125093820365274,0,53.415061295972
44,6,80.2651325662831,4.36468234117059,0.0250125062531266,0.0375187593796898,15.3076538269135
44,2,25.0405894842013,1.46122143124766,0.0124890720619458,0,73.4857000124891
44,1,25.2063015753938,1.78794698674669,0.0250062515628907,0,72.9807451862966
44,3,25.3281660207526,1.48768596074509,0.0125015626953369,0,73.171646455807
44,4,20.247623811906,1.47573786893447,0.0250125062531266,0,78.2516258129065
44,7,13.4324628264401,1.01212045482944,0.0124953142571536,0.0124953142571536,85.5304260902162
45,5,18.8276641144722,1.63173088992092,0.0251035521526296,0.150621312915778,79.3648801305385
45,6,22.4525694182686,1.49516270888303,0,0.238723457720819,75.8135444151275
45,2,12.1902377972466,1.00125156445557,0.0250312891113892,0.0625782227784731,86.720901126408
45,1,14.3789209535759,0.966122961104141,0,0.188205771643664,84.4667503136763
45,4,11.9470132466883,0.837290677330667,0,0.0999750062484379,87.1157210697326
45,3,16.9903520862047,1.75416614459341,0.0125297581756672,0.162886856283674,81.0800651547425
45,7,15.734704112337,2.03109327983952,0,0.137913741223671,82.0962888665998
46,5,43.6640839790052,2.84928767808048,0.0124968757810547,0.0124968757810547,53.4616345913522
46,6,80.6274215723035,4.23697037870266,0.0249968753905762,0.0249968753905762,15.0856142982127
46,2,26.7966504186977,1.63729533808274,0.0124984376952881,0.0249968753905762,71.5285589301337
46,1,27.5327920049969,1.93628981886321,0.0499687695190506,0,70.4809494066209
46,4,21.5892053973013,1.37431284357821,0.0499750124937531,0.0249875062468766,76.9615192403798
46,3,25.4247876061969,1.52423788105947,0.0124937531234383,0,73.0384807596202
46,7,16.31480324797,2.64834478450968,0.0249843847595253,0,81.0118675827608
47,5,14.9611236518686,1.41710559317783,0.0250815149235014,0.112866817155756,83.4838224228743
47,6,22.3365541473209,2.07052327770109,0,0.225875266658301,75.3670473083197
47,2,11.8052078117176,1.32699048572859,0.0125187781672509,0.0751126690035053,86.7801702553831
47,1,18.6793873964348,2.61109716294251,0.0251067034898318,0.138086869194075,78.5463218679387
47,4,14.5363408521303,1.29072681704261,0.012531328320802,0.12531328320802,84.0350877192982
47,3,14.2247332077841,1.38104205900816,0,0.112994350282486,84.2812303829253
47,7,16.6792074241284,1.91873589164786,0,0.137948332079258,81.2641083521445
48,5,42.2288855572214,2.76111944027986,0.0124937531234383,0,54.9975012493753
48,6,80.5548612846788,4.34891277180705,0.0124968757810547,0.0249937515621095,15.058735316171
48,2,30.7634637011121,1.9117830813445,0.0124953142571536,0.0124953142571536,67.2997625890291
48,1,25.9217597800275,1.87476565429321,0.0124984376952881,0,72.190976127984
48,4,23.7470316210474,1.5748031496063,0.0124984376952881,0,74.665666791651
48,3,25.4370629370629,1.46103896103896,0,0.0124875124875125,73.0894105894106
48,7,15.6691240784706,1.06210171185805,0.0124953142571536,0,83.2562788954142
49,5,14.7036664992466,1.95881466599699,0.0125565042692115,0.238573581115018,83.0863887493722
49,6,18.3373160608728,3.14425858382593,0,0.264117721041378,78.2543076342598
49,2,10.3569192235441,1.26487163431434,0,0.112711333750783,88.2654978083907
49,1,6.46977850081342,0.563133525215868,0.0125140783381304,0.0250281566762608,92.9295457389563
49,7,10.2528793189785,1.30195292939409,0.0250375563345018,0.125187781672509,88.2949424136204
49,4,8.16428750313048,0.788880540946657,0.0250438266967193,0.0626095667417981,90.9591785624844
49,3,15.2542372881356,1.93345888261142,0.0251098556183302,0.188323917137476,82.586315128688
50,5,50.2810041213938,2.66017234919445,0.0249781441238916,0.0124890720619458,47.0213563132259
50,2,30.1488058021758,1.86319869951232,0.0125046892584719,0,67.9754908090534
50,6,82.7521559805024,5.73678290213723,0,0.0124984376952881,11.498562679665
50,7,20.3349581302337,1.33733283339583,0.0374953130858643,0.0124984376952881,78.2777152855893
50,1,32.7179743046027,2.17038792565798,0.174628913558688,0.0249469876512411,64.9120618685294
50,4,27.8715160604924,1.64979377577803,0.0124984376952881,0,70.4661917260342
50,3,27.7451592754528,1.76139912554653,0.199875078076202,0.0124921923797626,70.2810743285447
51,5,15.9487630290092,1.5446439784001,0.138138892377245,0.150696973502449,82.217757126711
51,2,12.5610519724483,1.62805259862242,0.137758296806512,0.0876643706950532,85.5854727614277
51,6,20.3640929064658,1.92090395480226,0.188323917137476,0.112994350282486,77.413684871312
51,7,12.9448621553885,1.57894736842105,0.538847117794486,0.087719298245614,84.8370927318296
51,3,15.350766909731,2.07442796077445,4.8780487804878,0.276590394769927,77.4201659542369
51,4,12.019531739076,1.15187179166145,0.162764492299987,0.0876424189307625,86.5781895580318
51,1,16.423724553908,2.28700678562453,0.427243025885901,0.226187484292536,80.635838150289
52,5,46.6633279078503,3.39301364717666,7.16163766119945,0.175284837861525,42.6067359459121
52,2,28.5553611597101,2.01199700074981,0.562359410147463,0,68.8702824293926
52,6,81.0601325165646,4.68808601075134,0.875109388673584,0.0375046880860107,13.3391673959245
52,7,16.9625,1.3625,4.425,0.0875,77.1625
52,3,29.1442848219863,1.63647720174891,0.399750156152405,0.0374765771392879,68.7820112429731
52,4,25.7539732198724,1.96471029908647,1.9772243774246,0,70.3040921036166
52,1,34.9486601552717,2.36664162283997,5.07137490608565,0.187828700225394,57.4254946155773
53,5,17.6307847082495,1.96177062374245,0.238933601609658,0.238933601609658,79.9295774647887
53,2,11.6209101165852,1.54193305754043,4.14942961012912,0.112824370063934,82.5749028456813
53,6,16.1249843142176,1.79445350734095,5.75981929978667,0.21332664073284,76.107416237922
53,7,13.5799373040752,1.64263322884013,0.0125391849529781,0.0752351097178683,84.6896551724138
53,3,18.8420390182505,2.56765261170547,0.0251730648206419,0.289490245437382,78.275645059786
53,4,8.21952136323769,0.7643152487157,0.714196216013031,0.100238065405338,90.2017291066282
53,1,7.89836024533734,0.463136813118037,0.0125172111653524,0.0375516334960571,91.5884340968832
54,5,48.3556333625109,2.7635363261223,0.125046892584719,0.0125046892584719,48.7432787295236
54,6,81.5421144713821,4.33641589602599,0,0.0374906273431642,14.0839790052487
54,2,30.2125,1.8125,0.1,0.025,67.85
54,7,17.3021627703463,1.21265158144768,0.0750093761720215,0.0125015626953369,81.3976747093387
54,3,25.684289463817,1.48731408573928,0.0499937507811524,0,72.7784026996625
54,4,28.6946736684171,1.75043760940235,0.0875218804701175,0,69.4673668417104
54,1,31.2937062937063,1.98551448551449,0.0999000999000999,0.0124875124875125,66.6083916083916
55,5,16.6373902132999,1.75658720200753,0.0250941028858218,0.213299874529486,81.3676286072773
55,2,15.0889055847734,2.21637866265965,0.0125219133483596,0.100175306786877,82.5820185324318
55,6,24.8585439456809,2.5273481705017,0.0125738714950333,0.314346787375833,72.2871872249466
55,7,13.7736558465973,2.6319087604963,0.0501315954380248,0.0751973931570372,83.4691064043113
55,3,19.5033237175467,2.28270412642669,0.0125423303649818,0.250846607299636,77.950583218362
55,4,10.5994243523964,0.513077211863346,0.0125140783381304,0.0250281566762608,88.8499562007258
55,1,14.6295599849568,1.21599598846684,0.0125360411182149,0.0752162467092892,84.0666917387489
56,2,27.0692673168292,1.6254063515879,0.0250062515628907,0,71.28032008002
56,5,44.3570536828964,2.62172284644195,0.0124843945068664,0.0124843945068664,52.9962546816479
56,6,83.6497626779915,4.17187109667749,0,0.0874344241818636,12.0909318011491
56,7,13.8857642794651,1.09986251718535,0.0124984376952881,0,85.0018747656543
56,3,29.2816989381636,1.92379762648345,0.0249843847595253,0.0249843847595253,68.7445346658339
56,4,24.1004497751124,1.48675662168916,0,0.0249875062468766,74.3878060969515
56,1,26.2342207224097,1.84976877890264,0.0249968753905762,0,71.8910136232971
57,5,17.2444109520221,1.58251695553881,0.0125596583772921,0.213514192413966,80.9469982416478
57,2,10.6731731731732,1.16366366366366,0,0.0625625625625626,88.1006006006006
57,6,22.0002512878502,2.08568915692926,0.0251287850232441,0.201030280185953,75.6879004900113
57,7,16.7334669338677,1.86623246492986,0.0125250501002004,0.200400801603206,81.187374749499
57,3,16.9153605015674,1.85579937304075,0.0125391849529781,0.250783699059561,80.9655172413793
57,4,12.7835568366963,1.24075698709111,0.0125328988595062,0.125328988595062,85.837824288758
57,1,14.5023815492605,1.11556781148157,0.0125344697919278,0.0877412885434946,84.2817748809225
58,5,46.1884528867783,2.7618095476131,0,0.0124968757810547,51.0372406898275
58,2,28.046953046953,1.78571428571429,0.0749250749250749,0,70.0924075924076
58,6,84.575,4,0,0.0125,11.4125
58,7,14.9712571857036,1.13721569607598,0.0124968757810547,0.0124968757810547,83.8665333666583
58,3,27.5702685821362,1.61149281698938,0.0124921923797626,0,70.8057464084947
58,4,27.9430142464384,1.62459385153712,0.0249937515621095,0,70.4073981504624
58,1,30.531968031968,1.998001998002,0.04995004995005,0.0124875124875125,67.4075924075924
59,2,2.28978978978979,0.700700700700701,0.0125125125125125,0.0375375375375375,96.9594594594595
59,5,12.0869455961804,2.32441261465008,0.0251287850232441,0.301545420278929,85.2619675838673
59,6,12.8655704782227,2.47269988703402,0.0125517760763148,0.3388979540605,84.3102799046065
59,7,2.01552328492739,0.588382573860791,0.0125187781672509,0.0375563345017526,97.3460190285428
59,3,11.4608150470219,2.25705329153605,0.0250783699059561,0.200626959247649,86.0564263322884
59,4,1.86599874765185,0.726361928616155,0.0125234815278647,0.0751408891671885,97.3199749530369
59,1,0.275309723438869,0.450506820172694,0.0125140783381304,0.0125140783381304,99.2491552997122
60,2,35.3,2.4,0.025,0,62.275
60,5,54.8713464901324,2.74793904571571,0.0124906320259805,0.024981264051961,42.3432425680739
60,6,82.9667583104224,3.77405648587853,0.262434391402149,0.0499875031242189,12.9467633091727
60,7,23.732200849363,1.88608543592306,0.162378216337747,0.024981264051961,74.1943542343243
60,3,34.6288427893027,2.06198450387403,0.149962509372657,0.0249937515621095,63.1342164458885
60,4,39.3602399100337,2.02424090965888,0.0249906285143071,0.0249906285143071,58.5655379232788
60,1,38.7028242939265,2.12446888277931,0.212446888277931,0.0499875031242189,58.910272431892
61,2,2.46404002501563,0.662914321450907,0.0250156347717323,0.100062539086929,96.7479674796748
61,5,6.3502004008016,1.60320641282565,0.162825651302605,0.125250501002004,91.7585170340681
61,6,27.7833500501505,3.49799398194584,2.40722166499499,0.275827482447342,66.0356068204614
61,7,4.39201907391141,1.11682770736604,2.96147571840883,0.100389007403689,91.42928849291
61,3,4.22464585683841,1.30374827629435,3.48501943086373,0.137896452300364,90.8486899837032
61,4,3.95841162470249,1.17750219215834,0.137792809720656,0.150319428786171,94.5759739446323
61,1,8.92296091491768,2.70202337564409,2.27472665577479,0.213648359934649,85.8866406937288
62,6,63.7024048096192,2.91833667334669,4.88476953907816,0.175350701402806,28.3191382765531
62,2,36.8993993993994,2.36486486486486,0.162662662662663,0,60.5730730730731
62,5,42.4755455229496,2.35766240280913,5.22949586155004,0.0501630298470028,49.8871331828442
62,7,24.7029393370857,2.02626641651032,3.77736085053158,0.0625390869293308,69.4308943089431
62,3,34.1,2.1125,0.075,0.0125,63.7
62,4,36.8447391467534,2.08932816214187,4.21618916551983,0.150131364944326,56.6996121606406
62,1,37.8601854171887,2.24254572788775,3.84615384615385,0.100225507391631,55.9508895013781
63,6,38.698328935796,3.60598065083553,0.125643925116221,0.125643925116221,57.4444025631361
63,2,4.08777429467085,1.0282131661442,2.60815047021944,0.0877742946708464,92.1880877742947
63,5,23.9422473320778,2.87507846829881,0.0125549278091651,0.100439422473321,73.0696798493409
63,7,4.66891976467643,1.01389410439354,0.0125172111653524,0.100137689322819,94.2045312304419
63,3,7.71740494415861,1.76935625549002,0.0250972518509223,0.238423892583762,90.2497176559167
63,4,2.96657904618851,0.751032669921142,0.0125172111653524,0.0751032669921142,96.1947678057329
63,1,11.283851554664,1.90571715145436,0.0125376128385155,0.100300902708124,86.697592778335
64,6,59.3156843156843,2.70979020979021,0.0624375624375624,0.0749250749250749,37.8371628371628
64,5,39.8326255308519,2.39820134898826,0.124906320259805,0.024981264051961,57.6192855358481
64,2,38.2481569411471,2.72397850805948,2.51155816568787,0.0374859427714607,56.4788204423341
64,7,24.1034612020492,1.79932525303011,0,0.0249906285143071,74.0722229164063
64,3,32.7215980024969,2.30961298377029,0.0499375780274657,0.0124843945068664,64.9063670411985
64,4,35.2573713143428,2.14892553723138,0.087456271864068,0.0249875062468766,62.4812593703148
64,1,31.3360020015011,2.11408556417313,0.0750562922191644,0.0125093820365274,66.46234676007
65,5,24.0130342148139,1.98019801980198,0.0125328988595062,0.125328988595062,73.8689058779296
65,2,4.00450506820173,0.588161681892129,0.0125140783381304,0.0750844700287824,95.3197347015392
65,6,54.9755301794454,3.81478228134019,0,0.175680762956456,41.034006776258
65,7,3.54015511633725,0.725544158118589,0.0250187640730548,0.100075056292219,95.6092069051789
65,3,4.35435435435435,1.16366366366366,0.0125125125125125,0.175175175175175,94.2942942942943
65,4,2.01703833625658,0.51365572538211,0.0125281884239539,0.0375845652718617,97.4191931846655
65,1,6.28993860418494,0.914672346823706,0.0375892745270016,0.0626487908783361,92.695150983586
66,6,45.7278877474317,2.86895514908544,0.0125281884239539,0.187922826359308,51.2027060886996
66,5,29.8647633358377,1.94089656899574,0.0125219133483596,0.0751314800901578,68.106686701728
66,2,29.7125,2.175,0.025,0.0375,68.05
66,7,26.3717035370579,2.0997375328084,0.0249968753905762,0.0124984376952881,71.4910636170479
66,3,29.2734775540828,1.9132174565462,0.0375140677754158,0.0750281355508316,68.7007627860448
66,4,27.9625,1.4375,0.025,0.0125,70.5625
66,1,26.10436741334,1.71442873232386,0.0250281566762608,0.0375422350143912,72.1186334626455
67,6,61.9089316987741,3.96547410557918,0,0.212659494620966,33.9129347010258
67,5,36.7242242242242,2.54004004004004,0.0125125125125125,0.112612612612613,60.6106106106106
67,2,13.8517314664333,1.22515314414302,0.0125015626953369,0.100012501562695,84.8106013251656
67,7,3.07615355758409,0.575215705889709,0.0125046892584719,0.112542203326247,96.2235838439415
67,3,12.8115216030056,1.72824045084534,0.0250469630557295,0.137758296806512,85.2974326862868
67,4,7.78180908294758,0.900788189665958,0,0.0250218941573877,91.2923808332291
67,1,12.3013390063822,1.31397822550369,0.0250281566762608,0.0125140783381304,86.3471405330997
68,6,33.2038591655181,1.75416614459341,0.0125297581756672,0.125297581756672,64.9041473499561
68,5,23.0489790805462,1.08981585869974,0.0125266190655142,0.0751597143930853,75.7735187272955
68,2,21.0855427713857,1.21310655327664,0.0125062531265633,0.0250125062531266,77.663831915958
68,7,21.8804701175294,1.46286571642911,0.0250062515628907,0.0625156289072268,76.5691422855714
68,4,21.1836836836837,0.788288288288288,0,0.0125125125125125,78.0155155155155
68,3,26.9216300940439,2.69592476489028,0.0125391849529781,0.112852664576803,70.2570532915361
68,1,20.3951481805677,0.925347005126923,0,0.0375140677754158,78.6419907465299
69,6,70.565424068051,3.9279459594696,0,0.125093820365274,25.3815361521141
69,5,39.1820910455228,2.50125062531266,0.0250125062531266,0.0375187593796898,58.2541270635318
69,2,24.1215455795923,1.60060022508441,0.0125046892584719,0,74.2653495060648
69,7,7.05985255529177,0.674746969886293,0.0124953142571536,0.0249906285143071,92.2279145320505
69,3,14.8643580447556,1.46268283535442,0.0125015626953369,0.0250031253906738,83.635454431804
69,4,15.9289822455614,1.0752688172043,0.0125031257814454,0,82.9832458114529
69,1,20.0025018764073,1.67625719289467,0.0250187640730548,0.0125093820365274,78.2837127845884
70,6,29.1630066507717,3.40067762579997,0.0250972518509223,0.313715648136529,67.0975028234408
70,2,20.1504702194357,1.91849529780564,0.0125391849529781,0.137931034482759,77.7805642633229
70,5,19.7422744901789,2.33954710371575,0.0125109470786939,0.250218941573877,77.6554485174528
70,7,18.2807807807808,1.88938938938939,0.225225225225225,0.0875875875875876,79.517017017017
70,1,21.0275091068961,2.13541012435624,0.439643260896872,0.163296068333124,76.2341414395176
70,3,18.1578947368421,2.01754385964912,0.025062656641604,0.12531328320802,79.6741854636591
70,4,14.9305989746155,1.03788920845317,0.0125046892584719,0.0500187570338877,83.968988370639
71,6,81.3781890945473,4.16458229114557,0.125062531265633,0.0375187593796898,14.2946473236618
71,2,27.2227772227772,1.5984015984016,0,0.024975024975025,71.1538461538462
71,5,40.4446665001249,2.3107669248064,0.0124906320259805,0.024981264051961,57.2070946789908
71,7,12.1689155422289,1.03698150924538,0,0,86.7941029485257
71,1,26.0179865101174,1.76117911566325,0.024981264051961,0,72.1958531101674
71,4,22.223611805903,1.47573786893447,0.137568784392196,0,76.1630815407704
71,3,20.1648145835935,1.23610937695093,0.0124859533025346,0.0124859533025346,78.5741041328505
72,6,14.7398843930636,1.87232973108821,1.41995476250314,0.226187484292536,81.7416436290525
72,2,6.69005261839138,0.438486594838386,0.175394637935355,0.0501127536958156,92.6459533951391
72,5,11.6036669596886,1.11766922014316,0.376742433756122,0.200929298003265,86.7009920884089
72,7,8.96344516775163,0.988983475212819,0.0500751126690035,0.0876314471707561,89.9098647971958
72,4,7.45762711864407,1.11738857501569,1.16760828625235,0.138104205900816,90.1192718141871
72,3,12.9360100376412,1.93224592220828,0.163111668757842,0.188205771643664,84.7804265997491
72,1,8.66733466933868,1.02705410821643,0.0125250501002004,0.112725450901804,90.1803607214429
73,6,86.9059529764882,6.04052026013006,1.57578789394697,0.125062531265633,5.35267633816908
73,2,42.21331997997,2.74161241862794,3.32999499248873,0.0751126690035053,51.6399599399099
73,5,58.9794897448724,3.71435717858929,4.8024012006003,0.200100050025012,32.303651825913
73,7,20.1899050474763,1.66166916541729,0.0249875062468766,0,78.1234382808596
73,4,28.475,2.025,2.1375,0.125,67.2375
73,3,35.3397572268802,2.05230884745339,1.26392191215117,0,61.3440120135152
73,1,33.7706146926537,1.91154422788606,0.0124937531234383,0.0124937531234383,64.2928535732134
74,6,13.5158899635724,3.81861575178998,0.0125612360256249,0.263785956538123,82.3891470920739
74,2,2.1028914757792,0.913756415070722,0.2628614344724,0.0125172111653524,96.7079734635123
74,5,6.4059170114078,1.80518992102294,0.0125360411182149,0.0752162467092892,91.7011407797418
74,7,3.79651672722716,1.22791630121539,0.0375892745270016,0.0877083072296705,94.8502693898008
74,4,4.06962183821688,1.31480090157776,0.0125219133483596,0.125219133483596,94.4778362133734
74,3,5.93177827940808,1.7306245297216,2.29495861550038,0.150489089541008,89.8921494858289
74,1,7.94726930320151,2.34777150031387,0.0125549278091651,0.125549278091651,89.5668549905838
75,6,79.7076096463826,3.498687992003,0,0.0374859427714607,16.7562164188429
75,2,41.7957042957043,2.52247752247752,0.0874125874125874,0,55.5944055944056
75,5,54.2260565141285,2.82570642660665,0.112528132033008,0.0250062515628907,42.8107026756689
75,7,25.3280019992503,1.68686742471573,0.0249906285143071,0,72.9601399475197
75,4,35.724103461202,1.96176433837311,0.087467199800075,0.0249906285143071,62.2016743721105
75,3,35.4677338669335,2.0760380190095,0.0750375187593797,0.0250125062531266,62.3561780890445
75,1,41.0948631421072,2.18722659667542,0.0249968753905762,0.0249968753905762,56.6679165104362
76,6,26.4018104098567,2.96706059844104,0.0251445813427206,0.201156650741765,70.4048277596178
76,2,4.63310793889306,0.66366140746306,0.0125219133483596,0.0876533934385174,94.603055346857
76,5,9.74539069359087,1.59287595635269,0.0125423303649818,0.200677285839709,88.4485137338518
76,7,6.49122807017544,1.07769423558897,0.162907268170426,0.100250626566416,92.1679197994987
76,4,0.187711175071956,0.125140783381304,0,0.0250281566762608,99.6621198848705
76,3,6.20931397095643,1.30195292939409,0.0125187781672509,0.150225338007011,92.3259889834752
76,1,6.24451410658307,0.877742946708464,0.150470219435737,0.125391849529781,92.6018808777429
77,6,74.9312671832042,2.82429392651837,0,0.0499875031242189,22.1944513871532
77,2,45.7032225830627,2.34823882088434,0.024981264051961,0.024981264051961,51.898576067949
77,5,49.6062992125984,2.24971878515186,0.0249968753905762,0,48.1189851268591
77,3,34.3722618600576,1.87758167480285,0.0125172111653524,0.0250344223307047,63.7126048316435
77,7,25.7503751875938,2.17608804402201,2.23861930965483,0.0125062531265633,69.8224112056028
77,4,34.675,1.75,0.0125,0.0125,63.55
77,1,39.57185778668,2.17826740110165,1.84026039058588,0.0250375563345018,56.3845768652979
78,6,37.4732872407291,3.88434946574481,0.0125707102451289,0.201131363922062,58.4286612193589
78,2,2.22862150995367,0.763741079253787,0.0125203455615375,0.0375610366846125,96.9575560285464
78,5,17.9889530504645,2.46045694200351,0.0251067034898318,0.364047200602561,79.1614361034396
78,3,6.29703963873557,1.44254892122429,0.0125439036628199,0.150526843953838,92.0973406924235
78,7,4.16040100250627,0.964912280701754,0.6265664160401,0.087719298245614,94.1604010025063
78,4,2.40601503759398,0.75187969924812,0.025062656641604,0.037593984962406,96.7794486215539
78,1,5.75332163449486,1.34118826773627,1.95537728754074,0.150413637503134,90.799699172725
79,6,64.5539613225203,2.90704928259513,0.0249532127261385,0.0249532127261385,32.4890829694323
79,2,41.3366645846346,2.473454091193,0.0374765771392879,0.0249843847595253,56.1274203622736
79,5,42.8089466450081,2.51155816568787,0.0124953142571536,0.0124953142571536,54.6545045607897
79,3,34.2917864733092,2.26278284785598,0.0125015626953369,0.0250031253906738,63.4079259907488
79,7,24.9156987635819,2.11065317846884,0,0,72.9736480579493
79,4,35.2992627764588,1.92427839560165,0.0124953142571536,0.0124953142571536,62.7514681994252
79,1,36.2306153076538,2.17608804402201,0.100050025012506,0.0250125062531266,61.4682341170585
80,6,40.4576313804375,3.49509680663817,0.176012069399045,0.301734976112648,55.5695247674126
80,2,5.35803705558337,0.838758137205809,0.0125187781672509,0.0876314471707561,93.7030545818728
80,5,18.8267736274756,1.85510152920531,0.0125344697919278,0.125344697919278,79.1802456756079
80,3,7.39904690243291,1.21645347378982,0.0250815149235014,0.17557060446451,91.1838475043893
80,7,4.35871743486974,0.764028056112224,0.0125250501002004,0.137775551102204,94.7269539078156
80,4,0.125093820365274,0.100075056292219,0.0125093820365274,0.0375281461095822,99.7247935951964
80,1,11.9182034876427,1.76891230711329,0.0250909547108267,0.125454773554134,86.162338476979
81,6,61.8136335209506,2.85178236397749,2.4015009380863,0.287679799874922,32.6454033771107
81,2,41.4698162729659,2.02474690663667,0,0.0374953130858643,56.4679415073116
81,5,41.6229057264316,2.06301575393848,0.150037509377344,0.0125031257814454,56.1515378844711
81,3,34.7896845267902,1.94041061592389,0.0125187781672509,0.0250375563345018,63.2323485227842
81,4,33.0125,1.7875,0.125,0.0375,65.0375
81,7,25.8902911408222,1.71185805323004,0.0249906285143071,0.0249906285143071,72.3478695489191
81,1,36.8263098661998,1.68813304989371,0.0125046892584719,0,61.473052394648
82,6,46.279537456008,4.17295123177476,1.79738562091503,0.427350427350427,47.3227752639517
82,2,3.13087038196619,0.864120225422668,0.150281778334377,0.0626174076393237,95.7921102066374
82,5,16.0465990229237,2.14205186020293,0.125266190655142,0.0876863334585995,81.5983965927596
82,3,7.59477780567411,1.63193572683907,0.150640220938991,0.112980165704243,90.5096660808436
82,4,2.21610116439214,0.876424189307625,3.58081883059972,0.0876424189307625,93.2390133967697
82,7,5.91182364729459,1.37775551102204,0.0125250501002004,0.137775551102204,92.560120240481
82,1,12.4451135365701,1.90691255802283,0.0250909547108267,0.0878183414878936,85.5350646092084
83,6,50.9129564782391,2.31365682841421,0.0750375187593797,0.0375187593796898,46.6608304152076
83,2,33.7585991244528,1.93871169480926,2.93933708567855,0.075046904315197,61.2883051907442
83,5,33.9,2.125,4.225,0.0875,59.6625
83,3,32.4037018509255,2.2136068034017,0,0.0125062531265633,65.3701850925463
83,4,31.5118169313493,1.70063773915218,0.100037514067775,0,66.6875078154308
83,7,25.0999500249875,1.83658170914543,0.0124937531234383,0.0124937531234383,73.0384807596202
83,1,33.9466766804356,1.91513330829891,0.0375516334960571,0.0250344223307047,64.0756039554387
84,6,54.1045243764883,3.79746835443038,0.0125328988595062,0.187993482892593,41.8974808873292
84,5,27.5862068965517,2.60815047021944,0.0125391849529781,0.100313479623824,69.692789968652
84,2,10.1923557332001,0.849362977766675,0.0124906320259805,0.0124906320259805,88.9333000249813
84,3,4.63542971686294,1.19017790027562,0.0125281884239539,0.150338261087447,94.01152593335
84,4,2.18832062023259,0.32512192072027,0.0125046892584719,0.0125046892584719,97.4615480805302
84,7,5.16032064128257,1.00200400801603,0.0250501002004008,0.125250501002004,93.687374749499
84,1,14.3520260945929,1.65600301091457,0.0250909547108267,0.0627273867770669,83.9041525530046
85,6,46.7877269881027,2.27927363807138,0,0.162805259862242,50.7701941139637
85,2,29.5375,1.4,0,0.0375,69.025
85,5,33.3416802303744,2.1034180543383,0.025040691123075,0.137723801176912,64.3921372229874
85,3,30.5576394098525,1.55038759689922,0.0250062515628907,0.0375093773443361,67.8294573643411
85,4,28.1801125703565,1.41338336460288,0.0250156347717323,0.0125078173858662,70.368980612883
85,7,26.1755877938969,2.02601300650325,0.0250125062531266,0.0125062531265633,71.7608804402201
85,1,32.4639498432602,1.69278996865204,0.0250783699059561,0.0501567398119122,65.7680250783699
86,6,55.0444917909512,3.87266574758742,0.0250657977190124,0.200526381752099,40.8572502819902
86,5,29.5445991719985,2.48400451637185,0.0125454773554134,0.15054572826496,67.8083051060093
86,2,17.6985616010006,1.57598499061914,0.0125078173858662,0.125078173858662,80.5878674171357
86,3,13.8934169278997,1.8307210031348,0.0250783699059561,0.213166144200627,84.0376175548589
86,4,2.9875,0.475,0.0125,0.025,96.5
86,7,3.0435871743487,0.676352705410822,0.162825651302605,0.0501002004008016,96.0671342685371
86,1,15.1014274981217,1.59028299524167,0.137741046831956,0.0500876533934385,83.1204608064112
87,6,45.2667167543201,3.14300025043827,0,0.100175306786877,51.4901076884548
87,2,28.7946986746687,2.32558139534884,0.0125031257814454,0.0250062515628907,68.8422105526382
87,5,32.1397270564668,2.66683360460749,0.025040691123075,0.075122073369225,65.0932765744335
87,3,33.5501626219665,2.38929196897673,0.0125093820365274,0.0875656742556918,63.9604703527646
87,4,27.8389194597299,1.75087543771886,0.0500250125062531,0.0125062531265633,70.3476738369185
87,7,26.7108720130114,2.42712373326661,2.99011635180783,0.0375328412360816,67.8343550606781
87,1,29.6208234263546,2.03979476911525,0.0250281566762608,0.0250281566762608,68.2893254911776
88,6,60.0350789275871,3.62064645452268,0.0125281884239539,0.150338261087447,36.1814081683789
88,5,29.6263791374122,2.31945837512538,0.0250752256770311,0.200601805416249,67.8284854563691
88,2,12.0775969962453,0.951188986232791,0.0125156445556946,0.0500625782227785,86.9086357947434
88,3,13.3124608641202,1.69067000626174,0.125234815278647,0.0876643706950532,84.7839699436443
88,4,6.59574468085106,1.12640801001252,0.0125156445556946,0.100125156445557,92.1652065081352
88,7,2.70135067533767,0.575287643821911,0.0250125062531266,0.0500250125062531,96.648324162081
88,1,13.3758758758759,1.17617617617618,0.0125125125125125,0.0750750750750751,85.3603603603604
89,6,38.1554248529596,1.78951320235265,0.0125140783381304,0.100112626705043,59.9424352396446
89,2,23.870321692327,1.41444486168482,0.0250344223307047,0.0500688446614094,74.6401301789961
89,5,26.10436741334,1.25140783381304,0.0125140783381304,0.0750844700287824,72.55662620448
89,4,24.2147415842823,1.11375297209361,0.0125140783381304,0.0375422350143912,74.6214491302716
89,3,29.9097065462754,2.6460998244294,3.28567845497868,0.351141208929019,63.8073739653875
89,7,25.6560859785054,1.61209697575606,0.0624843789052737,0.0249937515621095,72.6443389152712
89,1,24.1901188242652,1.12570356472795,0.0125078173858662,0.0125078173858662,74.6591619762351
90,6,65.238632093198,4.00851810096455,0.300638857572341,0.125266190655142,30.3269447576099
90,2,18.0625,1.4,0.0125,0.05,80.475
90,5,36.9967491872968,2.65066266566642,0.0125031257814454,0.200050012503126,60.1400350087522
90,3,18.1886508831266,1.52824752599273,0.100212952524114,0.137792809720656,80.0450958286359
90,4,9.69477107830873,1.6887665749312,0.225168876657493,0.0500375281461096,88.3412559419565
90,7,2.775,0.65,0.0125,0.025,96.5375
90,1,15.4480689913761,1.24984376952881,0.0124984376952881,0.0124984376952881,83.2770903637045
91,6,23.4793491864831,2.51564455569462,0.287859824780976,0.100125156445557,73.6170212765958
91,5,21.7484008528785,2.52100840336134,0.200677285839709,0.150507964379782,75.3794054935407
91,2,16.3559003879364,1.78951320235265,0.200225253410086,0.125140783381304,81.5292203729195
91,4,16.7126033575545,1.30293159609121,0.0250563768479078,0.0250563768479078,81.9343522926585
91,3,20.5558337506259,2.1156735102654,0.0500751126690035,0.13770655983976,77.1407110665999
91,1,14.9561952440551,1.12640801001252,0.0375469336670839,0.0500625782227785,83.8297872340426
91,7,15.3875046951296,1.45236008513835,0.025040691123075,0.025040691123075,83.1100538374859
92,6,76.5625,3.8375,0.0125,0.025,19.5625
92,5,44.0595297648824,2.43871935967984,0,0.0750375187593797,53.4267133566783
92,2,27.6840394950631,1.7872765904262,0.0124984376952881,0,70.5161854768154
92,3,20.949406620862,1.4366021236727,0.0124921923797626,0,77.6014990630856
92,4,16.8811695614145,1.08709234037236,0,0.0124953142571536,82.019242783956
92,1,23.3316670832292,1.64958760309923,0.149962509372657,0,74.8687828042989
92,7,9.8575712143928,0.887056471764118,0.0124937531234383,0,89.2428785607196
93,6,19.4929082465169,1.54386845738672,0.062758880381574,0.238483745449981,78.6619806702648
93,5,15.5103066867773,1.26948215183509,0,0.188536953242836,83.0316742081448
93,2,12.0839090566512,1.25612360256249,0,0.125612360256249,86.5343549805301
93,4,12.6301266775367,0.953217107738618,0.0125423303649818,0.1379656340148,86.2661482503449
93,3,14.0042665328147,1.5183837369808,0,0.163132137030995,84.3142175931736
93,1,10.4075235109718,0.852664576802508,1.76802507836991,0.125391849529781,86.846394984326
93,7,14.6656630284782,1.5932756241375,0,0.100363818843307,83.640697528541
94,6,84.9674837418709,4.25212606303152,0,0.0375187593796898,10.7428714357179
94,5,51.4803247970019,3.18550905683948,0.0374765771392879,0.0124921923797626,45.2841973766396
94,2,31.9515545011862,1.8728929953802,0.0124859533025346,0,66.1630665501311
94,4,23.9339752407153,1.63811429285982,0.0250093785169439,0,74.402901087908
94,3,25.8245877061469,1.73663168415792,0.0249875062468766,0,72.4137931034483
94,1,28.6714160729909,2.13723284589426,2.68716410448694,0.124984376952881,66.379202599675
94,7,16.4085914085914,1.27372627372627,0.024975024975025,0.0124875124875125,82.2802197802198
95,6,13.2738917493407,2.1474318724099,0.0125580811252041,0.188371216878061,84.3777470802461
95,5,9.84429934706178,1.50678051230537,0.0125565042692115,0.17579105976896,88.4605725765947
95,2,5.3343350864012,0.813924367643376,0.0125219133483596,0.0751314800901578,93.7640871525169
95,4,6.86065470964505,1.1037250721184,0.0250846607299636,0.100338642919855,91.8976545842218
95,3,11.7077464788732,1.89889336016097,0.0125754527162978,0.163480885311871,86.2173038229376
95,1,7.54196943122025,1.02731145076422,0.0250563768479078,0.112753695815585,91.292909045352
95,7,7.72801405093464,1.05382009785472,0.363818843306988,0.0501819094216535,90.7916196211266
96,6,87.9469867466867,4.11352838209552,0.0250062515628907,0.0625156289072268,7.85196299074769
96,5,55.6971514242879,2.86106946526737,0.0124937531234383,0.0249875062468766,41.4042978510745
96,2,34.8473473473473,2.1021021021021,0.162662662662663,0,62.8878878878879
96,4,28.4838628971729,1.75131348511384,0.200150112584438,0,69.5646735051289
96,3,31.6808191808192,1.7982017982018,0.024975024975025,0,66.496003996004
96,1,35.6875,2.15,0.0875,0,62.075
96,7,20.3877423389618,1.78861788617886,2.60162601626016,0.0125078173858662,75.2095059412133
97,6,12.7416520210896,2.77429073562641,0.0125533517449159,0.175746924428823,84.2957569671102
97,5,6.79562868986308,2.02235900012561,0.175857304358749,0.175857304358749,90.8302977012938
97,2,2.32995114618564,1.06476262056871,2.58048352749593,0.0501064762620569,93.9746962294877
97,4,4.20326223337516,1.27979924717691,0.639899623588457,0.150564617314931,93.7264742785445
97,3,13.1188740889671,2.58859009801458,0.0125659713495853,0.201055541593365,84.0663483287258
97,1,2.83350050150451,1.1283851554664,0,0.0501504513540622,95.987963891675
97,7,4.76369562492165,1.20345994734863,1.12824370063934,0.100288328945719,92.8043123981447
98,6,76.1630094043887,1.4294670846395,0,0.990595611285266,21.4169278996865
98,2,56.6912407847057,0.312382856428839,0.799700112457828,0.0624765712857678,42.1341996751218
98,5,49.5303694427051,1.11458985597996,0.0125234815278647,0.951784596117721,48.3907326236694
98,4,50.9530975670931,1.50489089541008,1.36694256333083,0.677200902934537,45.4978680712315
98,3,50.4255319148936,1.17647058823529,0.0125156445556946,0.675844806007509,47.7096370463079
98,1,47.5825693833982,1.07999497676755,0.0125580811252041,0.665578299635816,50.6592992590732
98,7,55.8319789973747,0.16252031503938,0,0.0500062507813477,43.9554944368046
99,6,88.4913685263948,0.950713034776082,0,0.537903427570678,10.0200150112584
99,2,58.874296435272,0.775484677923702,0,0.312695434646654,40.0375234521576
99,5,56.379784838629,0.938203652739555,0.0125093820365274,0.537903427570678,42.1190893169877
99,4,55.5416248746239,0.965396188565697,0.0125376128385155,0.739719157472417,42.7407221664995
99,3,62.1736414740787,0.174890693316677,0,0.224859462835728,37.4266083697689
99,1,61.6375,0.2625,0.025,0.15,37.925
99,7,62.2172228471441,0.337457817772778,0,0.124984376952881,37.3203349581302
100,6,87.9484935616952,1.0501312664083,0,0.700087510938867,10.3012876609576
100,2,62.7921509811274,0.137482814648169,0,0.0749906261717285,36.9953755780527
100,5,60.1998750780762,0.737039350405996,0.0124921923797626,0.324797001873829,38.7257963772642
100,4,58.9580209895053,0.474762618690655,0,0.43728135932034,40.1299350324838
100,3,55.6933483652762,1.54077414505825,0.0250532381310284,1.00212952524114,41.7386947262934
100,1,61.1507191994997,0.337711069418386,0,0.137585991244528,38.3739837398374
100,7,55.1956983868951,1.26297361510566,0.0500187570338877,0.887832937351507,42.6034763036139
101,6,84.9368197172526,1.32616039034155,0,0.925810083823345,12.8112098085825
101,5,56.5195586760281,0.92778335005015,0,0.576730190571715,41.9759277833501
101,2,50.9280160521696,1.54251316779533,0,0.965638324554803,46.5638324554803
101,4,57.710134034824,0.764123762996367,0.0125266190655142,0.501064762620569,41.0121508204936
101,3,54.3043043043043,1.32632632632633,0,1.02602602602603,43.3433433433433
101,1,56.9943644333125,1.20225422667502,0,0.488415779586725,41.3149655604258
101,7,62.5156289072268,0.287571892973243,0,0.0375093773443361,37.1592898224556
102,6,83.1600050119033,1.72910662824207,0,1.02744017040471,14.0834481894499
102,5,56.0801502817783,1.0644959298685,0,0.939261114589856,41.9160926737633
102,2,55.8797745773325,1.01440200375704,0.0250469630557295,0.563556668753914,42.5172197871008
102,4,58.9714714714715,0.35035035035035,0,0.362862862862863,40.3153153153153
102,3,60.225,0.4375,0.0125,0.3875,38.9375
102,1,58.7720395148181,0.32512192072027,0.0250093785169439,0.275103163686382,40.6027260222583
102,7,55.1797569835901,1.12739571589628,0,0.739070524865339,42.9537767756483
103,6,85.6928276380023,0.876204781574665,0.0250344223307047,1.00137689322819,12.3920390536988
103,5,53.1242158092848,1.12923462986198,0,0.777917189460477,44.9686323713927
103,2,58.1011867582761,0.624609618988132,0,0.524672079950031,40.7495315427858
103,4,53.6881653099562,1.56543519098309,0,0.914214151534126,43.8196618659987
103,3,59.5742016280526,0.676268002504696,0,0.438321853475266,39.3112085159674
103,1,60.5503439649781,0.362726704190119,0,0.200125078173859,38.8868042526579
103,7,60.6428214107054,0.425212606303152,0,0.262631315657829,38.6693346673337
104,6,91.4396400899775,0.349912521869533,0.0124968757810547,0.324918770307423,7.87303174206448
104,5,59.1039919909899,0.563133525215868,0,0.375422350143912,39.9574521336504
104,2,55.2358313524334,1.23858376079069,0,0.750656824721631,42.7749280620543
104,4,53.7755999497424,0.929765045860033,0,0.816685513255434,44.4779494911421
104,3,54.7732397895264,0.839388624404911,0,0.576296667501879,43.8110749185668
104,1,60.0150225338007,0.338007010515774,0,0.237856785177767,39.4091136705058
104,7,57.3182957393484,0.676691729323308,0,0.43859649122807,41.5664160401003
105,6,72.4586880320481,1.03905858788182,0,0.826239359038558,25.6760140210315
105,5,42.3688493802429,0.613496932515337,0,0.575935895830725,56.441717791411
105,2,55.850331623076,0.350394193467651,0,0.437992741834564,43.3612814416218
105,4,52.9580988117573,0.48780487804878,0,0.462789243277048,46.0913070669168
105,3,60.5927963981991,0.737868934467234,0.0125062531265633,0.287643821910955,38.3691845922962
105,1,44.8961721290968,0.688016012009007,0,0.550412809607205,53.865399049287
105,7,62.1090818113585,0.425318989241931,0.0125093820365274,0.237678258694021,37.215411558669
106,6,21.0196667919329,0.438431667292998,0,0.350745333834398,78.1911562069398
106,5,18.5921480370093,0.237559389847462,0,0.175043760940235,80.995248812203
106,2,31.0733049787341,0.450337753314986,0,0.325243932949712,68.1511133350013
106,4,27.7360380666166,0.313047833708991,0,0.175306786877035,71.7756073127974
106,3,43.4994379917572,0.262270513300862,0.0124890720619458,0.23729236917697,55.988510053703
106,7,52.2681704260652,0.513784461152882,0.012531328320802,0.31328320802005,46.8922305764411
106,1,11.6284891726123,0.237827012141695,0,0.162723745149581,87.9709600700964
107,6,3.15,0.1875,0,0.1,96.5625
107,5,6.60165041260315,0.250062515628907,0.0250062515628907,0.150037509377344,92.9732433108277
107,2,4.20934299275543,0.187359480389708,0.0124906320259805,0.0874344241818636,95.503372470647
107,4,7.00963825259732,0.2628614344724,0.0125172111653524,0.125172111653524,92.5898109901114
107,3,11.3269013908032,0.588898634256359,0.0125297581756672,0.400952261621351,87.6707179551435
107,7,28.2295451697782,0.275654679864679,0.0125297581756672,0.238065405337677,71.2442049868438
107,1,0.0874453466583385,0.0374765771392879,0.0499687695190506,0,99.8251093066833
108,6,42.9125484799199,0.975853872138121,0,0.462905041911673,55.6486926060303
108,5,31.8136397701724,0.149887584311766,0.0124906320259805,0.0499625281039221,67.974019485386
108,2,33.5415365396627,0.112429731417864,0,0.0499687695190506,66.2960649594004
108,4,26.4993726474279,0.95357590966123,0,0.627352572145546,71.9196988707654
108,3,27.0822880080281,1.4550928248871,0,0.501756146512795,70.960863020572
108,7,33.2078785597792,1.17927487140886,0.0125454773554134,0.828001505457283,64.7472086312884
108,1,27.359437751004,0.61495983935743,0,0.35140562248996,71.6741967871486
109,6,93.0223833937727,0.225084406652495,0,0.200075028135551,6.55245717143929
109,5,62.8642901813634,0.187617260787992,0,0.100062539086929,36.8480300187617
109,2,60.7107107107107,0.375375375375375,0,0.287787787787788,38.6261261261261
109,4,59.1432865731463,0.62625250501002,0,0.62625250501002,39.6042084168337
109,3,61.3238238238238,0.425425425425425,0.0125125125125125,0.35035035035035,37.8878878878879
109,7,62.5937968984492,0.300150075037519,0.0125062531265633,0.137568784392196,36.9559779889945
109,1,58.2915203211239,0.740090316106372,0,0.476668339187155,40.4917210235825
110,6,90.6136732908386,0.624921884764404,0,0.412448443944507,8.34895638045244
110,5,62.7625,0.35,0,0.125,36.7625
110,2,58.4209209209209,0.575575575575576,0,0.275275275275275,40.7282282282282
110,4,55.7728469349379,0.752162467092892,0,0.752162467092892,42.7228281308763
110,3,61.2931465732866,0.325162581290645,0,0.337668834417209,38.0440220110055
110,7,56.8816530995617,0.901690670006262,0,0.851596743894803,41.3650594865373
110,1,54.5044480641524,1.6038090464854,0,0.939731863175041,42.9520110261872
111,6,92.3586793396698,0.312656328164082,0,0.325162581290645,7.00350175087544
111,5,55.2509700838653,1.17661784954312,0,0.788584303417199,42.7838277631744
111,2,59.5318563024158,0.700963825259732,0,0.500688446614094,39.2664914257103
111,4,61.422144463884,0.299925018745314,0,0.224943764058985,38.0529867533117
111,3,57.6557418063548,0.825619214410808,0.0125093820365274,0.838128596447336,40.6680010007506
111,7,58.8625829888513,0.601277715144682,0.0125266190655142,0.526118000751597,39.9974946761869
111,1,60.3077307980986,0.375281461095822,0,0.425318989241931,38.8916687515637
112,6,76.8554564862489,2.12231571015949,0,1.56976014065051,19.4399095818159
112,5,58.475,0.5125,0,0.475,40.5375
112,2,60.2328201276756,0.47565402428339,0.0250344223307047,0.312930279133809,38.9535611465765
112,4,57.6797795038837,0.701578551741418,0,0.663993986469557,40.9546479579053
112,3,57.4220217963172,0.876863334585995,0.0250532381310284,0.826756858323938,40.8493047726419
112,7,58.0398546183732,0.789572628148891,0,0.664243639553829,40.5063291139241
112,1,58.6150763836714,0.563486100676183,0,0.513398447282745,40.3080390683696
113,6,90.3241957691826,0.525722868944799,0,0.613343347102266,8.53673801477031
113,5,57.386079118678,0.813720580871307,0,0.7135703555333,41.0866299449174
113,2,56.3893760962165,0.96467050864445,0,0.73916311701328,41.8942620897018
113,4,55.2879187053067,1.5054572826496,0.0125454773554134,0.978547233722243,42.215531300966
113,3,58.6461461461461,0.675675675675676,0.0125125125125125,0.625625625625626,40.04004004004
113,7,60.7661492238358,0.400600901352028,0,0.400600901352028,38.4326489734602
113,1,59.4445834375782,0.425318989241931,0,0.387790843132349,39.7423067300475
114,6,86.8678017025538,0.963945918878317,0,0.951427140711067,11.2168252378568
114,5,60.9936178200476,0.375422350143912,0,0.287823801776999,38.3431360280315
114,2,59.9549493179827,0.600675760230259,0,0.538105368539607,38.9062695532474
114,4,60.6352382143304,0.675253219957484,0,0.312617231461798,38.3768913342503
114,3,57.4174098731315,0.81648034166562,0,0.74111292551187,41.024996859691
114,7,61.0763454317897,0.287859824780976,0.0125156445556946,0.300375469336671,38.3229036295369
114,1,60.6910365548323,0.375563345017526,0,0.212819228843265,38.720580871307
115,6,88.0976220275344,0.525657071339174,0,0.613266583229036,10.7634543178974
115,5,58.4001001502253,0.475713570355533,0,0.438157235853781,40.6860290435653
115,2,50.8569998748905,0.938321030902039,0,0.675591142249468,47.529087951958
115,4,55.9879864847954,0.425478663496433,0.0250281566762608,0.362908271805782,43.1985984232261
115,3,52.9537188009532,0.865420795183745,0,0.614574187884109,45.5662862159789
115,7,57.8973717146433,0.738423028785982,0,0.713391739674593,40.6508135168961
115,1,57.2036550256603,0.400550757291275,0,0.362999123795218,42.0327950932532
116,6,51.0907723169509,0.802407221664995,0,0.915245737211635,47.1915747241725
116,5,37.6064096144216,0.400600901352028,0,0.250375563345018,61.7426139208813
116,2,22.5390869293308,0.237648530331457,0,0.187617260787992,77.0356472795497
116,4,40.9682261696272,0.462847135351514,0,0.412809607205404,58.1561170878159
116,3,20.6836108676599,0.438212094653812,0.0125203455615375,0.237886565669212,78.6152497808939
116,7,50.4686914135733,0.499937507811524,0.0374953130858643,0.387451568553931,48.6064241969754
116,1,32.5825825825826,0.35035035035035,0,0.262762762762763,66.8043043043043
117,6,15.8889027899412,0.562992618541224,0,0.350306518203428,83.1977980733141
117,5,13.8850632277451,0.425691749092275,0,0.45073244021535,85.2385125829473
117,2,9.55238809702426,0.16254063515879,0.0125031257814454,0.0500125031257814,90.2225556389097
117,4,11.2001001126267,0.463020898510825,0,0.32536603679139,88.0115129520711
117,3,1.50075037518759,0.137568784392196,0,0.0625312656328164,98.2991495747874
117,7,22.8010994502749,0.224887556221889,0,0.124937531234383,76.8490754622689
117,1,9.66491622905726,0.375093773443361,0,0.150037509377344,89.7974493623406
